date,ticker,open,high,low,close,volume
2024-01-02,AAPL,183.9,184.47,183.41,184.22,43708917
2024-01-02,GOOGL,141.36,141.6,139.53,140.98,22057623
2024-01-02,MSFT,377.15,377.81,375.33,375.87,60194716
2024-01-02,AMZN,156.3,157.61,153.62,154.47,71939238
2024-01-02,META,347.92,350.39,346.0,348.32,21784614
2024-01-03,AAPL,189.16,190.65,188.87,189.35,11022711
2024-01-03,GOOGL,138.36,139.0,137.8,138.42,36585833
2024-01-03,MSFT,374.72,377.96,372.19,374.25,38967313
2024-01-03,AMZN,158.08,158.78,158.05,158.73,33840482
2024-01-03,META,347.89,349.96,347.13,347.23,13127789
2024-01-04,AAPL,186.54,188.54,183.46,186.67,29181264
2024-01-04,GOOGL,142.39,142.45,142.24,142.31,64402511
2024-01-04,MSFT,376.17,378.68,375.2,376.1,64233043
2024-01-04,AMZN,155.57,155.92,154.88,155.86,73906881
2024-01-04,META,351.04,351.41,349.71,350.98,64801026
2024-01-06,AAPL,183.11,183.65,182.58,182.9,33843176
2024-01-06,GOOGL,136.32,138.15,135.36,136.75,41394339
2024-01-06,MSFT,373.95,374.38,373.33,374.19,34958046
2024-01-06,AMZN,154.12,155.71,151.29,152.78,60596630
2024-01-06,META,350.41,352.66,348.76,350.32,65574891
2024-01-07,AAPL,186.16,187.87,185.99,186.69,63496487
2024-01-07,GOOGL,140.7,140.84,139.62,140.66,40339358
2024-01-07,MSFT,374.22,375.28,372.53,373.13,43516928
2024-01-07,AMZN,152.93,154.13,151.85,154.04,68762647
2024-01-07,META,346.36,347.92,345.23,347.07,53029632
2024-01-09,AAPL,185.96,186.4,184.16,186.24,44471911
2024-01-09,GOOGL,138.75,139.27,136.0,136.52,60862974
2024-01-09,MSFT,374.51,375.4,372.67,375.37,69062982
2024-01-09,AMZN,155.87,157.15,155.82,156.29,49648088
2024-01-09,META,350.43,351.39,350.21,350.99,33039657
2024-01-10,AAPL,185.68,186.81,183.51,185.84,64793829
2024-01-10,GOOGL,141.97,142.85,140.91,141.69,25076966
2024-01-10,MSFT,373.95,373.96,370.31,373.88,32462633
2024-01-10,AMZN,154.62,157.33,154.43,157.14,45420935
2024-01-10,META,350.27,352.73,348.46,351.11,48588087
2024-01-12,AAPL,185.84,185.93,185.55,185.59,51272096
2024-01-12,GOOGL,140.8,140.97,139.62,140.93,49617387
2024-01-12,MSFT,375.95,376.19,375.3,376.07,62970508
2024-01-12,AMZN,154.36,154.91,153.6,153.77,69934723
2024-01-12,META,350.61,352.17,348.91,350.18,34002701
2024-01-13,AAPL,184.53,185.32,181.71,184.24,34651045
2024-01-13,GOOGL,141.28,142.91,138.15,140.43,73935066
2024-01-13,MSFT,372.54,376.16,367.5,372.03,25417234
2024-01-13,AMZN,154.05,154.89,152.51,153.31,10528891
2024-01-13,META,348.16,348.94,346.83,347.7,32278026
2024-01-15,AAPL,183.48,185.69,180.94,182.83,16409749
2024-01-15,GOOGL,139.66,140.57,139.63,140.04,66065057
2024-01-15,MSFT,374.28,374.4,373.32,373.84,46614789
2024-01-15,AMZN,155.15,156.56,154.22,155.53,57470447
2024-01-15,META,349.96,351.54,347.7,348.01,25242414
2024-01-16,AAPL,184.91,187.68,184.54,186.92,60901423
2024-01-16,GOOGL,141.19,142.71,138.56,141.54,31623655
2024-01-16,MSFT,375.15,375.57,374.0,374.3,34102201
2024-01-16,AMZN,157.84,157.9,157.0,157.58,79959829
2024-01-16,META,350.46,350.7,348.84,349.02,41588692
2024-01-17,AAPL,187.67,189.9,186.68,188.62,20761422
2024-01-17,GOOGL,141.4,142.02,140.7,141.29,43957378
2024-01-17,MSFT,374.78,374.96,374.36,374.6,50350901
2024-01-17,AMZN,156.56,156.81,155.33,156.15,48936873
2024-01-17,META,350.67,351.8,349.56,349.72,57478453
2024-01-19,AAPL,187.16,189.11,185.9,188.49,14639479
2024-01-19,GOOGL,138.17,139.02,137.34,137.72,30232949
2024-01-19,MSFT,375.47,375.74,374.66,375.09,78756018
2024-01-19,AMZN,154.35,154.91,151.82,152.36,64529955
2024-01-19,META,351.98,352.03,351.44,351.77,68345974
2024-01-20,AAPL,184.69,188.29,184.59,187.69,27683890
2024-01-20,GOOGL,141.67,142.22,140.26,140.76,67798024
2024-01-20,MSFT,381.37,383.44,378.57,378.74,63126796
2024-01-20,AMZN,160.71,162.3,158.92,160.07,27728584
2024-01-20,META,351.84,353.89,351.56,352.42,31458560
2024-01-22,AAPL,185.98,187.92,185.22,186.4,37068507
2024-01-22,GOOGL,144.5,145.27,143.99,144.6,43342362
2024-01-22,MSFT,377.13,379.15,376.24,378.57,20368150
2024-01-22,AMZN,157.79,157.97,155.97,157.34,66505290
2024-01-22,META,348.67,349.85,348.6,349.31,76531211
2024-01-23,AAPL,187.52,188.51,185.05,185.15,15132483
2024-01-23,GOOGL,139.15,139.66,137.18,137.64,44214291
2024-01-23,MSFT,374.41,376.25,374.29,374.67,58927718
2024-01-23,AMZN,157.14,158.05,156.34,156.79,70719277
2024-01-23,META,352.08,355.63,350.78,352.5,28942998
2024-01-25,AAPL,182.85,184.64,181.82,182.72,60367393
2024-01-25,GOOGL,142.09,142.12,141.22,141.29,13898879
2024-01-25,MSFT,376.44,377.39,374.6,374.8,10099689
2024-01-25,AMZN,153.47,155.48,152.59,152.82,59629084
2024-01-25,META,348.24,348.27,346.88,347.78,53900030
2024-01-26,AAPL,187.65,188.29,185.0,185.9,42678655
2024-01-26,GOOGL,141.33,141.48,141.11,141.21,51179791
2024-01-26,MSFT,378.62,379.43,377.85,378.55,69687153
2024-01-26,AMZN,153.16,153.44,152.97,153.03,12375742
2024-01-26,META,354.3,354.81,351.8,354.52,69265252
2024-01-28,AAPL,181.79,183.34,179.62,181.87,24205714
2024-01-28,GOOGL,146.95,148.26,146.19,146.62,47551605
2024-01-28,MSFT,373.68,374.18,373.05,373.07,21222515
2024-01-28,AMZN,155.88,157.87,153.65,154.46,12377590
2024-01-28,META,354.46,354.79,354.02,354.78,11707258
2024-01-29,AAPL,188.86,191.69,188.81,191.34,34582938
2024-01-29,GOOGL,142.89,145.25,140.94,143.98,24050363
2024-01-29,MSFT,369.29,369.64,368.4,368.92,22923537
2024-01-29,AMZN,160.25,161.96,159.28,161.23,46792649
2024-01-29,META,354.62,354.68,354.22,354.5,19373572
2024-01-30,AAPL,185.99,187.48,184.44,185.1,77324959
2024-01-30,GOOGL,139.26,139.83,137.73,138.78,34745397
2024-01-30,MSFT,374.9,375.11,374.52,374.82,57655490
2024-01-30,AMZN,156.92,157.38,156.58,157.02,29405584
2024-01-30,META,349.37,349.97,349.04,349.78,11415171
2024-02-01,AAPL,184.08,185.47,183.34,183.57,10643389
2024-02-01,GOOGL,142.62,145.9,142.41,142.81,44603327
2024-02-01,MSFT,374.39,374.63,373.5,374.13,35495575
2024-02-01,AMZN,156.87,157.26,154.05,155.01,54933153
2024-02-01,META,351.65,353.27,351.61,353.21,74360219
2024-02-02,AAPL,184.31,184.68,184.05,184.25,41077392
2024-02-02,GOOGL,141.58,143.2,139.37,141.78,66996327
2024-02-02,MSFT,375.1,378.84,373.58,377.41,51172982
2024-02-02,AMZN,154.55,156.58,154.29,155.08,27221802
2024-02-02,META,350.41,350.63,349.46,349.8,58710770
2024-02-04,AAPL,188.86,189.48,187.67,189.4,23491526
2024-02-04,GOOGL,140.91,142.15,140.23,140.61,31149273
2024-02-04,MSFT,374.55,376.59,374.02,375.24,67543784
2024-02-04,AMZN,157.84,159.23,156.34,159.01,44757606
2024-02-04,META,353.21,354.01,352.59,353.7,28067580
2024-02-05,AAPL,188.99,189.87,187.74,188.41,41795250
2024-02-05,GOOGL,140.27,141.97,139.14,141.9,47062198
2024-02-05,MSFT,375.32,375.75,373.21,373.54,13633434
2024-02-05,AMZN,151.3,153.07,150.75,151.08,65204172
2024-02-05,META,350.16,350.28,349.35,349.44,56388576
2024-02-07,AAPL,189.36,191.08,189.04,190.02,18897963
2024-02-07,GOOGL,139.56,139.56,138.73,138.84,19380249
2024-02-07,MSFT,370.36,372.07,369.47,369.81,57684648
2024-02-07,AMZN,156.65,158.48,156.4,156.85,12093357
2024-02-07,META,351.34,353.39,350.69,352.75,76654726
2024-02-08,AAPL,186.2,186.29,185.92,185.98,67904277
2024-02-08,GOOGL,138.59,138.9,137.88,138.76,71423618
2024-02-08,MSFT,375.64,377.64,375.34,375.42,17588272
2024-02-08,AMZN,153.12,154.73,151.5,153.34,59850419
2024-02-08,META,353.47,354.14,352.19,353.55,30083130
2024-02-10,AAPL,188.32,188.46,187.96,188.12,60049132
2024-02-10,GOOGL,140.05,140.28,138.11,138.5,44099521
2024-02-10,MSFT,377.88,378.48,377.8,378.28,44931350
2024-02-10,AMZN,157.99,158.32,157.07,158.29,43568271
2024-02-10,META,351.35,351.72,348.12,351.28,12387417
2024-02-11,AAPL,188.54,191.05,188.13,189.18,31656058
2024-02-11,GOOGL,143.08,144.17,142.11,142.45,30905908
2024-02-11,MSFT,374.26,374.75,374.11,374.31,33802678
2024-02-11,AMZN,154.12,154.51,153.39,154.08,77561812
2024-02-11,META,349.01,350.33,346.86,347.6,25799480
2024-02-13,AAPL,190.57,190.98,189.12,189.73,66844811
2024-02-13,GOOGL,139.7,139.97,139.58,139.67,43200994
2024-02-13,MSFT,377.16,377.57,375.73,377.52,64703006
2024-02-13,AMZN,157.85,158.12,157.39,157.43,73179379
2024-02-13,META,351.79,353.55,350.13,351.03,55531458
2024-02-14,AAPL,181.5,181.63,178.8,180.01,68325145
2024-02-14,GOOGL,136.38,137.41,134.16,134.71,29244278
2024-02-14,MSFT,374.58,374.75,372.53,374.73,72287911
2024-02-14,AMZN,152.33,153.26,150.24,151.71,50258067
2024-02-14,META,348.81,349.27,348.5,349.24,71004404
2024-02-15,AAPL,184.29,184.78,183.0,183.02,68514887
2024-02-15,GOOGL,142.88,143.72,141.96,143.51,26338730
2024-02-15,MSFT,377.03,378.75,376.26,378.63,10044304
2024-02-15,AMZN,158.57,159.87,157.17,159.25,44070516
2024-02-15,META,356.16,358.49,355.86,356.02,15831014
2024-02-17,AAPL,186.66,187.08,186.27,186.44,79399470
2024-02-17,GOOGL,144.27,144.29,143.31,143.57,57305094
2024-02-17,MSFT,377.48,378.7,376.57,376.61,70647871
2024-02-17,AMZN,155.72,157.29,154.51,154.62,38655353
2024-02-17,META,352.21,353.66,351.46,353.3,55653717
2024-02-18,AAPL,183.36,184.24,181.29,182.28,50480033
2024-02-18,GOOGL,142.18,143.85,140.49,141.35,22103866
2024-02-18,MSFT,376.73,378.81,373.06,373.22,67006748
2024-02-18,AMZN,155.57,158.87,154.31,154.33,60019021
2024-02-18,META,347.4,348.67,345.85,347.75,52937043
2024-02-20,AAPL,190.38,191.95,189.3,189.74,40974752
2024-02-20,GOOGL,141.08,142.52,138.63,142.37,20572282
2024-02-20,MSFT,378.65,379.55,378.1,378.26,62178951
2024-02-20,AMZN,153.77,156.44,150.63,155.62,17209009
2024-02-20,META,353.03,354.65,352.54,354.32,10971321
2024-02-21,AAPL,184.85,185.74,183.9,184.59,76790756
2024-02-21,GOOGL,141.63,142.57,140.21,142.28,13073496
2024-02-21,MSFT,374.92,375.4,374.2,374.57,57451346
2024-02-21,AMZN,156.06,156.16,155.73,155.84,52281238
2024-02-21,META,353.57,354.05,353.33,353.51,25167055
2024-02-23,AAPL,187.18,187.74,187.12,187.49,35884075
2024-02-23,GOOGL,141.77,142.37,140.42,140.69,41230256
2024-02-23,MSFT,377.27,378.82,376.05,378.72,36385802
2024-02-23,AMZN,156.7,157.72,156.34,157.38,79602756
2024-02-23,META,353.17,353.42,352.27,353.12,23481873
2024-02-24,AAPL,188.74,190.99,187.95,188.48,36561678
2024-02-24,GOOGL,141.31,144.2,140.67,140.73,21758899
2024-02-24,MSFT,376.93,377.33,376.53,376.55,46124823
2024-02-24,AMZN,157.93,160.58,157.76,158.85,16295741
2024-02-24,META,350.63,352.15,349.9,351.05,53036214
2024-02-26,AAPL,188.56,189.21,187.74,188.19,15732417
2024-02-26,GOOGL,139.18,140.63,137.48,137.62,52437967
2024-02-26,MSFT,376.89,377.99,375.73,376.98,38369523
2024-02-26,AMZN,157.22,157.86,156.59,157.61,34522743
2024-02-26,META,352.27,353.15,351.73,353.02,45544393
2024-02-27,AAPL,187.31,188.29,186.77,188.04,12422292
2024-02-27,GOOGL,140.99,142.44,139.37,141.65,44065664
2024-02-27,MSFT,375.2,375.99,375.11,375.79,72367375
2024-02-27,AMZN,152.42,153.23,152.39,153.06,24591375
2024-02-27,META,348.62,349.03,348.23,348.95,19340052
2024-02-28,AAPL,187.69,188.66,187.14,188.03,49068876
2024-02-28,GOOGL,141.27,141.64,140.11,140.39,58486297
2024-02-28,MSFT,378.95,380.35,378.05,379.22,43831352
2024-02-28,AMZN,157.58,159.94,154.78,158.03,74738348
2024-02-28,META,349.72,352.1,348.39,350.89,38150906
2024-03-01,AAPL,186.56,187.16,185.51,186.52,23639204
2024-03-01,GOOGL,141.78,143.49,140.25,142.35,71653168
2024-03-01,MSFT,376.05,379.07,374.94,375.83,50831017
2024-03-01,AMZN,157.07,158.89,156.51,156.54,60853056
2024-03-01,META,355.88,355.92,353.79,354.37,22097586
2024-03-02,AAPL,189.27,191.22,188.11,189.78,36132065
2024-03-02,GOOGL,139.85,140.04,139.57,139.81,74672709
2024-03-02,MSFT,380.36,382.25,379.76,382.05,79751420
2024-03-02,AMZN,159.33,159.58,154.49,157.61,71070919
2024-03-02,META,349.75,350.69,348.81,349.0,13324847
2024-03-04,AAPL,188.5,188.97,187.91,188.08,42753123
2024-03-04,GOOGL,140.99,144.07,140.71,142.31,15958268
2024-03-04,MSFT,378.54,379.07,377.17,378.44,44271822
2024-03-04,AMZN,159.89,161.12,159.0,159.18,34714395
2024-03-04,META,354.54,356.78,354.07,354.47,67372639
2024-03-05,AAPL,190.04,191.76,189.55,190.28,75526650
2024-03-05,GOOGL,142.58,144.31,140.37,144.03,19266953
2024-03-05,MSFT,375.27,376.33,372.32,375.5,54322428
2024-03-05,AMZN,157.87,160.61,156.21,158.87,32926814
2024-03-05,META,349.07,349.86,348.02,348.48,60167272
2024-03-07,AAPL,188.99,189.47,187.68,188.79,16183164
2024-03-07,GOOGL,142.8,144.57,141.22,144.16,17666618
2024-03-07,MSFT,376.79,378.4,373.66,375.75,65076750
2024-03-07,AMZN,155.97,156.09,154.32,155.01,28854058
2024-03-07,META,353.38,354.15,352.33,353.51,57933233
2024-03-08,AAPL,186.43,188.31,184.89,187.47,65407368
2024-03-08,GOOGL,141.3,144.36,140.18,143.85,28005723
2024-03-08,MSFT,379.04,379.12,378.53,378.6,73427819
2024-03-08,AMZN,158.73,159.14,157.35,158.76,31110144
2024-03-08,META,352.73,352.88,350.97,351.95,52608919
2024-03-10,AAPL,182.66,183.9,182.65,182.7,16081449
2024-03-10,GOOGL,141.2,141.35,140.7,140.91,35931364
2024-03-10,MSFT,380.1,381.02,378.38,379.88,63201943
2024-03-10,AMZN,159.99,160.42,158.42,158.85,73776360
2024-03-10,META,353.63,354.45,352.14,352.39,29521087
2024-03-11,AAPL,189.69,190.35,187.54,188.25,28308086
2024-03-11,GOOGL,144.7,144.9,144.46,144.58,72973110
2024-03-11,MSFT,378.1,379.47,375.4,375.79,77060250
2024-03-11,AMZN,155.81,158.64,153.83,157.73,59660168
2024-03-11,META,352.93,355.64,352.92,354.79,67949768
2024-03-13,AAPL,187.47,188.84,187.36,188.0,60892307
2024-03-13,GOOGL,141.7,144.54,139.94,140.25,32026620
2024-03-13,MSFT,374.96,375.57,374.41,374.54,15156570
2024-03-13,AMZN,155.51,155.94,153.87,155.71,29893147
2024-03-13,META,356.61,356.78,355.5,355.57,23035959
2024-03-14,AAPL,184.79,185.2,184.14,184.67,72060897
2024-03-14,GOOGL,142.86,143.28,140.42,142.76,58492912
2024-03-14,MSFT,376.81,378.04,373.7,375.57,38608851
2024-03-14,AMZN,157.26,160.76,153.96,159.15,35094784
2024-03-14,META,350.75,352.71,348.04,351.65,26256179
2024-03-15,AAPL,185.39,186.11,184.86,184.91,40702317
2024-03-15,GOOGL,141.33,142.69,140.92,142.24,61494625
2024-03-15,MSFT,380.16,380.43,379.27,379.85,55203726
2024-03-15,AMZN,156.28,158.75,156.24,157.72,55536106
2024-03-15,META,352.49,354.94,350.56,351.87,22162519
2024-03-17,AAPL,189.75,190.9,187.33,189.37,36194511
2024-03-17,GOOGL,144.13,145.12,141.98,144.97,38147170
2024-03-17,MSFT,378.19,378.33,377.74,378.3,70062698
2024-03-17,AMZN,155.93,156.01,154.49,155.31,66407177
2024-03-17,META,352.65,355.53,352.32,355.17,24367728
2024-03-18,AAPL,190.58,190.84,190.15,190.66,20097883
2024-03-18,GOOGL,140.54,141.83,138.62,139.21,21764176
2024-03-18,MSFT,376.18,377.21,374.04,374.83,69267974
2024-03-18,AMZN,159.2,160.2,159.16,159.48,71323052
2024-03-18,META,354.0,354.17,352.85,353.5,79803423
2024-03-20,AAPL,188.13,189.83,187.61,188.09,66120707
2024-03-20,GOOGL,141.85,144.37,139.08,141.41,49511377
2024-03-20,MSFT,377.17,378.39,376.9,377.04,16722581
2024-03-20,AMZN,158.88,159.33,157.36,158.51,70223810
2024-03-20,META,355.35,357.53,354.14,357.48,71834121
2024-03-21,AAPL,188.91,188.95,188.56,188.75,39197182
2024-03-21,GOOGL,143.43,143.54,142.34,142.71,44775250
2024-03-21,MSFT,377.82,378.22,376.53,377.92,26092755
2024-03-21,AMZN,159.57,160.53,158.81,159.14,10769483
2024-03-21,META,351.85,352.98,350.38,352.81,38949591
2024-03-23,AAPL,187.37,188.71,186.57,188.21,13461094
2024-03-23,GOOGL,146.39,147.18,145.52,145.63,58869347
2024-03-23,MSFT,376.46,377.61,374.25,374.89,48774938
2024-03-23,AMZN,154.98,157.3,152.9,153.28,64135389
2024-03-23,META,351.68,352.75,348.78,352.26,57603818
2024-03-24,AAPL,187.89,189.72,185.72,187.45,56749717
2024-03-24,GOOGL,144.02,144.41,142.72,143.75,68591609
2024-03-24,MSFT,378.15,378.8,376.56,376.82,26171462
2024-03-24,AMZN,152.65,154.91,149.3,150.25,69591549
2024-03-24,META,353.04,353.77,352.86,353.4,51498644
2024-03-26,AAPL,193.4,194.49,192.97,193.54,51544743
2024-03-26,GOOGL,142.59,144.4,141.35,141.73,29503866
2024-03-26,MSFT,376.94,377.23,374.21,376.23,75003981
2024-03-26,AMZN,159.02,160.18,159.01,160.18,16527547
2024-03-26,META,352.5,352.74,351.32,352.3,40350671
2024-03-27,AAPL,187.16,188.55,185.45,187.77,26213488
2024-03-27,GOOGL,139.82,140.05,136.15,136.69,10982550
2024-03-27,MSFT,379.91,381.8,379.26,380.65,71265255
2024-03-27,AMZN,158.5,158.79,158.39,158.42,71693560
2024-03-27,META,354.16,357.53,351.44,353.57,53761773
2024-03-28,AAPL,189.67,189.89,188.32,188.41,25421478
2024-03-28,GOOGL,142.15,143.31,140.41,142.25,11347362
2024-03-28,MSFT,379.03,379.41,378.73,378.98,23561722
2024-03-28,AMZN,159.17,160.62,157.52,159.71,36747205
2024-03-28,META,352.46,353.37,352.0,352.69,11880755
2024-03-30,AAPL,191.29,191.89,190.66,191.03,53544457
2024-03-30,GOOGL,145.57,145.89,143.96,144.72,35354117
2024-03-30,MSFT,376.8,377.74,375.98,376.91,79522136
2024-03-30,AMZN,157.24,157.53,155.55,155.77,40580893
2024-03-30,META,356.14,356.21,353.89,355.28,74319441
2024-03-31,AAPL,191.97,193.47,190.42,192.02,51235049
2024-03-31,GOOGL,144.25,144.99,141.5,141.9,34487264
2024-03-31,MSFT,379.81,380.09,378.76,379.03,64777514
2024-03-31,AMZN,161.22,161.61,160.25,161.3,34614782
2024-03-31,META,348.72,350.29,348.48,349.11,67949923
2024-04-02,AAPL,186.9,187.93,185.73,187.55,30250862
2024-04-02,GOOGL,146.36,147.9,146.15,146.65,44331195
2024-04-02,MSFT,378.47,379.38,377.83,378.24,12905905
2024-04-02,AMZN,155.09,155.84,154.66,155.53,21064440
2024-04-02,META,351.22,352.19,350.97,351.54,24808495
2024-04-03,AAPL,188.64,191.11,187.19,187.47,60395241
2024-04-03,GOOGL,138.86,139.26,137.47,138.28,21684290
2024-04-03,MSFT,379.32,380.36,377.7,378.61,65852586
2024-04-03,AMZN,158.51,159.52,157.25,158.12,46942445
2024-04-03,META,353.61,354.09,351.42,353.02,53417921
2024-04-05,AAPL,189.7,190.32,187.73,189.69,56190839
2024-04-05,GOOGL,146.08,148.55,145.6,146.32,11587115
2024-04-05,MSFT,379.21,380.87,378.77,380.64,65224560
2024-04-05,AMZN,159.74,161.62,157.82,158.97,48794790
2024-04-05,META,353.73,353.78,353.24,353.29,69595500
2024-04-06,AAPL,189.58,192.45,187.13,190.25,52407176
2024-04-06,GOOGL,141.62,145.92,141.17,143.0,62156832
2024-04-06,MSFT,381.99,382.43,379.76,381.79,71674596
2024-04-06,AMZN,157.32,157.71,155.8,155.83,51624939
2024-04-06,META,355.56,356.77,354.91,355.28,74647005
2024-04-08,AAPL,188.98,190.46,188.35,190.24,68728500
2024-04-08,GOOGL,144.58,146.2,143.61,145.48,29929770
2024-04-08,MSFT,380.19,382.35,379.73,381.22,42113632
2024-04-08,AMZN,155.4,156.93,154.35,154.45,45227125
2024-04-08,META,354.04,358.46,350.58,352.7,44993895
2024-04-09,AAPL,186.31,186.77,184.33,184.85,11341868
2024-04-09,GOOGL,141.2,142.82,139.54,142.66,16651458
2024-04-09,MSFT,379.82,381.2,379.44,379.46,34608682
2024-04-09,AMZN,158.82,162.06,156.8,160.18,22531263
2024-04-09,META,357.3,358.31,356.54,356.84,39173126
2024-04-11,AAPL,190.79,191.05,189.91,190.74,22898212
2024-04-11,GOOGL,143.15,145.96,142.8,145.34,16943478
2024-04-11,MSFT,378.27,378.86,376.53,376.87,58424264
2024-04-11,AMZN,158.74,159.14,158.68,158.93,55951279
2024-04-11,META,355.54,355.61,355.21,355.24,22804363
2024-04-12,AAPL,189.49,190.99,188.77,189.3,39643494
2024-04-12,GOOGL,141.4,141.92,140.58,141.31,11431309
2024-04-12,MSFT,378.1,379.13,377.06,378.38,73264950
2024-04-12,AMZN,161.29,164.66,161.16,163.43,26178138
2024-04-12,META,351.81,352.38,351.1,351.35,65715324
2024-04-13,AAPL,191.78,193.94,190.8,191.39,10500980
2024-04-13,GOOGL,141.63,141.77,140.12,141.32,60278090
2024-04-13,MSFT,381.99,382.75,380.77,381.36,10757328
2024-04-13,AMZN,158.92,159.33,158.15,158.56,23514282
2024-04-13,META,356.37,357.29,355.18,356.91,48724011
2024-04-15,AAPL,186.8,186.84,185.64,186.83,55589469
2024-04-15,GOOGL,143.65,144.16,142.62,142.95,40046774
2024-04-15,MSFT,378.53,380.59,376.95,378.41,69174504
2024-04-15,AMZN,159.57,160.35,159.53,159.72,41273503
2024-04-15,META,352.61,354.24,352.52,354.04,44452831
2024-04-16,AAPL,192.85,194.42,191.07,194.25,36082523
2024-04-16,GOOGL,147.24,149.86,146.35,147.68,72737273
2024-04-16,MSFT,374.93,376.58,373.33,374.79,25717406
2024-04-16,AMZN,159.5,161.3,158.91,159.89,64513188
2024-04-16,META,356.25,357.73,354.26,356.72,75276206
2024-04-18,AAPL,190.59,191.91,190.32,191.52,53846223
2024-04-18,GOOGL,146.36,149.47,144.76,145.88,38355539
2024-04-18,MSFT,378.28,379.79,375.28,379.5,56572076
2024-04-18,AMZN,158.2,159.8,157.94,159.0,79834563
2024-04-18,META,354.1,354.81,351.85,353.05,48502790
2024-04-19,AAPL,190.63,191.68,189.46,189.96,46389504
2024-04-19,GOOGL,143.6,143.87,142.83,143.21,25899910
2024-04-19,MSFT,380.85,381.8,380.84,381.01,61883171
2024-04-19,AMZN,158.06,158.43,157.8,157.85,72643618
2024-04-19,META,352.97,354.13,352.82,354.08,47939236
2024-04-21,AAPL,188.14,189.88,187.66,188.59,58903434
2024-04-21,GOOGL,141.22,142.15,140.85,141.04,25169191
2024-04-21,MSFT,379.32,381.32,377.53,379.33,33031355
2024-04-21,AMZN,161.95,162.78,158.92,161.9,74793940
2024-04-21,META,352.08,352.35,351.03,351.56,24120313
2024-04-22,AAPL,188.28,190.09,187.2,189.27,61917730
2024-04-22,GOOGL,144.98,148.54,142.77,145.92,44679497
2024-04-22,MSFT,379.63,379.98,379.43,379.54,22367584
2024-04-22,AMZN,159.15,160.0,158.13,158.62,50633004
2024-04-22,META,353.66,353.92,352.35,353.11,45875055
2024-04-24,AAPL,186.45,189.89,185.2,185.9,34101576
2024-04-24,GOOGL,141.52,142.31,140.63,141.36,21735884
2024-04-24,MSFT,380.67,381.79,379.97,380.24,75996637
2024-04-24,AMZN,158.69,159.19,156.93,159.03,42441513
2024-04-24,META,352.39,353.45,351.39,352.91,43374270
2024-04-25,AAPL,189.0,189.18,188.94,188.95,23918943
2024-04-25,GOOGL,142.67,142.97,141.55,142.94,18478898
2024-04-25,MSFT,377.36,377.82,377.08,377.52,47695700
2024-04-25,AMZN,158.62,160.34,157.36,158.52,44197691
2024-04-25,META,358.51,359.22,357.12,357.78,15394771
2024-04-26,AAPL,192.99,194.19,192.66,193.94,22022945
2024-04-26,GOOGL,146.0,146.58,143.98,146.16,28041322
2024-04-26,MSFT,379.08,379.28,378.63,379.27,39943145
2024-04-26,AMZN,156.3,156.91,154.56,155.89,54156770
2024-04-26,META,355.66,356.26,354.02,355.72,29475124
2024-04-28,AAPL,191.01,192.22,188.51,188.79,60678061
2024-04-28,GOOGL,141.98,143.72,141.92,142.56,37039901
2024-04-28,MSFT,375.09,377.57,374.29,377.26,49885121
2024-04-28,AMZN,159.35,159.88,157.43,157.87,12711535
2024-04-28,META,351.24,353.02,350.11,350.34,63385721
2024-04-29,AAPL,185.57,185.59,184.46,185.45,22845739
2024-04-29,GOOGL,141.59,142.35,139.39,140.53,58222991
2024-04-29,MSFT,380.54,383.15,377.82,381.42,49908475
2024-04-29,AMZN,162.43,163.07,159.86,161.24,28420170
2024-04-29,META,353.51,355.37,352.6,352.74,37379630
2024-05-01,AAPL,184.65,186.58,182.75,182.9,54625223
2024-05-01,GOOGL,142.74,145.35,141.9,144.15,46736930
2024-05-01,MSFT,378.3,379.9,378.18,378.25,34702719
2024-05-01,AMZN,156.81,157.59,156.66,156.72,59171664
2024-05-01,META,354.23,354.81,352.36,354.77,15364083
2024-05-02,AAPL,187.65,188.64,187.63,188.42,58952567
2024-05-02,GOOGL,144.61,145.99,143.08,143.28,71778685
2024-05-02,MSFT,382.81,384.56,381.68,383.61,37023617
2024-05-02,AMZN,160.08,162.01,158.88,160.3,18485175
2024-05-02,META,351.15,351.51,350.89,350.92,49961507
2024-05-04,AAPL,188.66,189.61,186.8,187.78,39744144
2024-05-04,GOOGL,145.79,145.9,143.45,145.01,38508175
2024-05-04,MSFT,381.67,382.23,379.55,379.68,72150375
2024-05-04,AMZN,158.21,160.31,156.16,159.85,20059560
2024-05-04,META,355.34,357.71,354.38,354.91,70578713
2024-05-05,AAPL,189.96,191.86,189.43,190.95,29293572
2024-05-05,GOOGL,144.09,146.2,143.83,145.07,69499847
2024-05-05,MSFT,379.44,380.29,377.89,378.62,45444770
2024-05-05,AMZN,159.93,160.97,157.64,157.81,45403638
2024-05-05,META,352.55,354.54,352.41,353.49,31387629
2024-05-07,AAPL,187.28,189.85,185.56,187.5,75226133
2024-05-07,GOOGL,143.6,143.88,142.32,143.06,15659707
2024-05-07,MSFT,382.58,383.48,381.16,381.46,42601893
2024-05-07,AMZN,157.68,159.06,157.18,158.07,36102792
2024-05-07,META,355.71,356.23,355.71,356.22,46043515
2024-05-08,AAPL,189.61,190.33,189.2,189.92,60948565
2024-05-08,GOOGL,143.93,147.11,143.85,146.88,24453424
2024-05-08,MSFT,381.45,383.26,380.94,381.63,66039042
2024-05-08,AMZN,159.89,162.5,158.17,159.53,13128469
2024-05-08,META,352.45,354.6,350.83,354.02,49510734
2024-05-09,AAPL,189.19,189.8,186.34,186.4,39176615
2024-05-09,GOOGL,147.31,149.5,146.17,148.07,18584457
2024-05-09,MSFT,375.1,377.97,374.33,376.96,11017458
2024-05-09,AMZN,160.04,160.35,158.79,160.26,59821453
2024-05-09,META,353.1,354.91,348.66,352.74,66332828
2024-05-11,AAPL,189.76,189.96,187.76,188.28,20711966
2024-05-11,GOOGL,146.31,146.7,145.04,145.57,25946124
2024-05-11,MSFT,383.27,383.64,380.63,383.21,45719922
2024-05-11,AMZN,159.49,159.78,158.56,158.88,67020975
2024-05-11,META,356.32,358.83,355.23,357.69,78524936
2024-05-12,AAPL,184.81,187.47,182.48,185.51,74295233
2024-05-12,GOOGL,146.0,146.78,143.6,146.58,71347616
2024-05-12,MSFT,379.0,379.36,378.73,379.17,18063742
2024-05-12,AMZN,161.8,162.27,161.22,161.64,15558985
2024-05-12,META,351.61,354.34,351.32,353.94,40593735
2024-05-14,AAPL,192.45,194.49,191.44,194.02,61785451
2024-05-14,GOOGL,143.31,144.21,142.44,143.94,58505549
2024-05-14,MSFT,379.66,382.36,379.38,380.23,69841725
2024-05-14,AMZN,157.9,159.41,157.86,158.93,33045322
2024-05-14,META,355.09,355.51,354.99,355.17,62155994
2024-05-15,AAPL,188.04,189.12,187.29,188.08,49187705
2024-05-15,GOOGL,144.41,146.39,144.08,144.36,25787345
2024-05-15,MSFT,382.56,383.26,381.76,381.85,63350419
2024-05-15,AMZN,156.81,158.19,155.29,156.37,77815075
2024-05-15,META,355.56,356.97,354.6,354.97,10071704
2024-05-17,AAPL,187.08,188.78,184.97,185.45,78159655
2024-05-17,GOOGL,142.3,143.87,140.97,142.84,50359939
2024-05-17,MSFT,377.04,380.4,374.36,379.84,52887422
2024-05-17,AMZN,157.86,160.92,156.47,157.37,68772398
2024-05-17,META,356.15,357.28,355.06,355.82,19912262
2024-05-18,AAPL,188.69,189.01,188.04,189.0,30934421
2024-05-18,GOOGL,143.16,144.01,143.01,143.82,24496626
2024-05-18,MSFT,381.32,381.62,379.99,381.17,21837188
2024-05-18,AMZN,160.38,161.5,160.04,161.13,76631834
2024-05-18,META,352.75,354.49,352.0,353.52,25622560
2024-05-20,AAPL,191.32,194.78,189.84,191.01,48813789
2024-05-20,GOOGL,143.4,145.75,142.12,143.8,69085583
2024-05-20,MSFT,381.1,381.42,381.09,381.27,69456407
2024-05-20,AMZN,159.19,160.15,158.63,159.14,76465431
2024-05-20,META,353.81,355.75,353.58,353.92,24505426
2024-05-21,AAPL,191.04,191.05,190.94,191.01,30252213
2024-05-21,GOOGL,143.57,145.82,141.95,144.04,49488177
2024-05-21,MSFT,380.89,382.96,380.38,380.73,48420456
2024-05-21,AMZN,158.65,160.4,157.18,159.81,11231625
2024-05-21,META,354.97,357.05,354.14,356.88,70109578
2024-05-23,AAPL,188.75,191.39,188.55,189.88,24333094
2024-05-23,GOOGL,144.93,145.56,141.7,142.26,55919788
2024-05-23,MSFT,383.69,384.07,383.0,383.04,14570182
2024-05-23,AMZN,160.71,163.46,160.1,161.08,54424214
2024-05-23,META,355.54,356.73,355.04,355.17,78022154
2024-05-24,AAPL,191.4,194.16,191.36,193.75,74866615
2024-05-24,GOOGL,144.11,144.43,142.12,143.48,32816676
2024-05-24,MSFT,379.53,380.8,378.82,379.95,54450532
2024-05-24,AMZN,157.04,158.82,156.56,156.7,59195995
2024-05-24,META,351.54,351.93,351.03,351.08,78744179
2024-05-25,AAPL,190.32,190.69,189.76,190.41,65079688
2024-05-25,GOOGL,146.41,147.68,143.98,145.6,57829492
2024-05-25,MSFT,378.21,378.3,376.99,377.95,68974312
2024-05-25,AMZN,155.57,156.99,155.33,156.02,30392465
2024-05-25,META,353.69,354.98,353.29,354.64,68866060
2024-05-27,AAPL,190.41,191.63,190.02,191.16,59974573
2024-05-27,GOOGL,144.76,145.29,144.46,144.93,77340970
2024-05-27,MSFT,378.68,379.64,375.66,379.12,69033023
2024-05-27,AMZN,157.98,159.87,157.25,159.21,56317361
2024-05-27,META,357.47,360.12,356.97,357.66,64196190
2024-05-28,AAPL,190.43,192.17,189.93,190.98,56705773
2024-05-28,GOOGL,144.13,147.02,143.13,146.19,49941565
2024-05-28,MSFT,379.88,380.95,379.45,379.5,65067670
2024-05-28,AMZN,158.13,158.88,157.96,158.55,68078217
2024-05-28,META,352.64,354.34,350.14,353.92,44500375
2024-05-30,AAPL,191.72,193.22,191.6,192.89,16423196
2024-05-30,GOOGL,141.28,142.29,138.99,140.72,54420802
2024-05-30,MSFT,380.42,382.79,379.3,380.44,43149750
2024-05-30,AMZN,162.01,162.51,161.25,161.97,29914273
2024-05-30,META,359.61,360.79,359.15,359.55,23716490
2024-05-31,AAPL,191.84,192.94,191.57,191.74,21431913
2024-05-31,GOOGL,142.54,145.89,140.78,143.98,25936181
2024-05-31,MSFT,382.69,384.35,380.39,381.94,36602821
2024-05-31,AMZN,160.55,160.64,159.27,159.92,71179298
2024-05-31,META,354.69,355.15,353.6,354.89,45118838
2024-06-02,AAPL,189.56,189.86,189.03,189.56,11102494
2024-06-02,GOOGL,144.29,145.65,142.46,143.96,64401556
2024-06-02,MSFT,383.08,384.56,380.94,383.78,24946856
2024-06-02,AMZN,161.9,163.72,161.69,162.4,18415662
2024-06-02,META,357.27,359.38,355.61,359.32,31313183
2024-06-03,AAPL,189.16,189.45,189.15,189.4,26691926
2024-06-03,GOOGL,142.12,142.78,141.22,141.38,68006736
2024-06-03,MSFT,379.61,381.73,379.57,380.91,78979939
2024-06-03,AMZN,158.0,158.6,155.68,158.47,65357612
2024-06-03,META,356.55,358.81,355.21,355.73,17411299
2024-06-05,AAPL,188.28,189.24,187.62,187.93,46133375
2024-06-05,GOOGL,143.78,145.87,142.74,145.63,25405218
2024-06-05,MSFT,380.17,382.79,378.68,380.09,29675473
2024-06-05,AMZN,163.43,164.03,163.18,163.49,52008674
2024-06-05,META,355.94,360.73,354.95,356.6,33657418
2024-06-06,AAPL,185.38,188.8,185.17,186.36,38447305
2024-06-06,GOOGL,147.33,151.92,143.93,144.67,13874003
2024-06-06,MSFT,381.65,383.94,379.86,381.97,60196534
2024-06-06,AMZN,161.22,162.11,160.5,162.0,57179956
2024-06-06,META,356.11,356.52,355.56,356.12,73270902
2024-06-07,AAPL,191.83,191.97,190.68,191.08,52461327
2024-06-07,GOOGL,142.95,145.72,141.89,143.09,66846962
2024-06-07,MSFT,380.56,381.14,377.8,378.68,44855131
2024-06-07,AMZN,158.38,158.72,156.99,157.76,66907177
2024-06-07,META,355.75,355.75,354.8,354.83,36260775
2024-06-09,AAPL,191.29,192.87,190.39,191.24,16850243
2024-06-09,GOOGL,143.42,147.0,142.92,143.48,19214072
2024-06-09,MSFT,384.77,385.3,383.34,383.67,12711442
2024-06-09,AMZN,162.85,163.06,162.82,163.04,25278880
2024-06-09,META,358.2,359.92,356.05,358.05,70009979
2024-06-10,AAPL,191.47,192.83,190.61,192.24,38865351
2024-06-10,GOOGL,142.52,145.04,141.94,144.11,25088660
2024-06-10,MSFT,379.91,380.79,379.15,380.02,69108443
2024-06-10,AMZN,159.61,160.27,156.16,157.24,38525480
2024-06-10,META,355.96,357.39,355.9,356.16,67236138
2024-06-12,AAPL,190.94,192.81,190.83,191.43,26106402
2024-06-12,GOOGL,145.5,147.57,143.97,144.76,77867084
2024-06-12,MSFT,379.54,380.5,377.38,378.19,32744668
2024-06-12,AMZN,156.07,156.36,155.18,156.15,30090913
2024-06-12,META,355.4,357.6,354.55,357.49,66319205
2024-06-13,AAPL,192.78,193.4,190.44,191.34,45836311
2024-06-13,GOOGL,149.68,150.69,148.4,149.61,22078896
2024-06-13,MSFT,379.64,381.98,378.98,380.96,40127434
2024-06-13,AMZN,157.77,158.28,157.29,157.77,10149050
2024-06-13,META,354.75,356.17,354.62,355.01,66414939
2024-06-15,AAPL,189.74,192.4,189.27,191.87,18054240
2024-06-15,GOOGL,147.05,148.26,144.92,146.02,77499384
2024-06-15,MSFT,384.24,384.93,383.12,384.92,72521698
2024-06-15,AMZN,160.63,162.59,158.35,159.29,59918439
2024-06-15,META,359.22,361.17,357.47,358.07,72122351
2024-06-16,AAPL,189.11,190.75,188.61,190.69,30122021
2024-06-16,GOOGL,144.42,146.39,142.06,144.44,66173772
2024-06-16,MSFT,380.07,381.09,378.34,380.65,61095044
2024-06-16,AMZN,160.63,161.58,158.83,160.51,70118581
2024-06-16,META,356.83,358.03,354.77,357.93,12682419
2024-06-18,AAPL,193.09,195.53,192.23,194.4,32998231
2024-06-18,GOOGL,145.91,147.43,143.25,146.08,11534968
2024-06-18,MSFT,379.93,380.49,378.78,380.14,51183859
2024-06-18,AMZN,160.64,164.06,160.2,163.55,60923057
2024-06-18,META,356.01,356.19,353.23,354.45,53125460
2024-06-19,AAPL,189.14,190.44,188.93,190.02,50370045
2024-06-19,GOOGL,147.2,149.1,146.76,147.16,23851927
2024-06-19,MSFT,378.22,378.95,375.09,376.47,76970493
2024-06-19,AMZN,160.65,161.62,159.46,159.49,23815885
2024-06-19,META,357.79,359.14,357.08,357.58,35404479
2024-06-21,AAPL,191.67,191.87,191.17,191.21,19948484
2024-06-21,GOOGL,146.53,147.47,143.94,145.23,57172614
2024-06-21,MSFT,382.28,383.25,381.75,382.6,55939127
2024-06-21,AMZN,163.34,165.93,163.24,165.49,11605210
2024-06-21,META,358.25,359.84,357.72,358.49,60118582
2024-06-22,AAPL,190.18,191.68,189.93,190.32,73338687
2024-06-22,GOOGL,145.53,147.19,144.09,146.67,50827591
2024-06-22,MSFT,381.5,381.75,381.15,381.31,18077181
2024-06-22,AMZN,160.08,160.79,159.96,160.5,24272323
2024-06-22,META,359.75,359.78,357.88,359.48,44172504
2024-06-23,AAPL,190.74,190.96,188.71,190.51,76952308
2024-06-23,GOOGL,147.51,148.21,146.42,147.97,62576581
2024-06-23,MSFT,382.67,384.44,381.49,383.47,50267422
2024-06-23,AMZN,163.62,163.78,163.13,163.66,28373649
2024-06-23,META,360.1,360.12,358.66,359.78,42272836
2024-06-25,AAPL,192.6,193.89,192.01,193.23,13013757
2024-06-25,GOOGL,145.97,147.07,145.05,146.74,55411040
2024-06-25,MSFT,382.59,384.43,380.56,382.34,76763763
2024-06-25,AMZN,162.34,163.04,162.18,162.55,12773955
2024-06-25,META,356.36,357.73,355.76,357.68,42522318
2024-06-26,AAPL,189.83,190.57,189.65,189.77,71298362
2024-06-26,GOOGL,146.36,148.24,145.6,147.91,21212322
2024-06-26,MSFT,383.24,386.0,380.38,384.21,30133157
2024-06-26,AMZN,161.31,161.8,159.61,160.63,57654626
2024-06-26,META,357.42,359.5,356.37,356.69,77309042
2024-06-28,AAPL,189.46,190.69,189.3,190.54,58375679
2024-06-28,GOOGL,144.8,145.09,144.71,144.96,43337908
2024-06-28,MSFT,382.99,384.19,382.59,383.65,50011766
2024-06-28,AMZN,160.24,160.8,158.55,160.0,72908410
2024-06-28,META,359.99,360.86,359.6,360.5,41044186
2024-06-29,AAPL,190.55,192.06,189.77,190.14,15512001
2024-06-29,GOOGL,147.45,149.53,144.54,145.92,48374601
2024-06-29,MSFT,383.28,384.66,382.8,384.01,69330457
2024-06-29,AMZN,160.39,164.55,159.78,160.3,78687764
2024-06-29,META,356.34,357.59,354.74,356.47,76468067
2024-07-01,AAPL,191.22,194.33,190.57,191.53,58555792
2024-07-01,GOOGL,145.31,146.69,142.03,144.46,33625885
2024-07-01,MSFT,386.25,387.14,383.37,386.92,21840177
2024-07-01,AMZN,160.7,162.2,160.27,160.67,35027085
2024-07-01,META,356.37,357.33,356.14,356.71,58413873
2024-07-02,AAPL,192.43,192.66,192.42,192.43,57583702
2024-07-02,GOOGL,144.81,146.51,144.59,146.02,56914260
2024-07-02,MSFT,384.0,384.63,383.41,383.82,69300020
2024-07-02,AMZN,162.81,164.86,160.55,160.88,66663094
2024-07-02,META,359.32,360.9,358.92,360.22,53806859
2024-07-04,AAPL,187.38,187.99,186.78,187.01,70292696
2024-07-04,GOOGL,148.32,149.34,147.71,148.15,55525274
2024-07-04,MSFT,383.71,388.55,383.23,388.27,42624697
2024-07-04,AMZN,160.85,163.71,160.54,162.01,51305349
2024-07-04,META,361.31,363.16,359.43,361.72,47814203
2024-07-05,AAPL,190.42,190.92,188.6,190.17,22389273
2024-07-05,GOOGL,148.22,148.79,146.3,147.42,22102493
2024-07-05,MSFT,379.96,380.03,379.93,379.95,19760825
2024-07-05,AMZN,156.47,159.19,153.79,154.14,75507808
2024-07-05,META,353.11,353.62,352.25,352.78,59546934
2024-07-06,AAPL,190.83,191.29,190.75,190.85,73234966
2024-07-06,GOOGL,141.59,143.12,140.03,141.38,32809970
2024-07-06,MSFT,380.39,382.56,380.32,381.99,68990340
2024-07-06,AMZN,165.16,165.81,164.52,165.3,50641862
2024-07-06,META,355.51,355.53,354.41,355.07,61172887
2024-07-08,AAPL,191.8,193.28,189.89,191.89,12217733
2024-07-08,GOOGL,150.99,151.2,149.95,150.57,36302991
2024-07-08,MSFT,382.74,385.77,381.85,382.15,57328529
2024-07-08,AMZN,156.76,158.2,155.55,156.33,32063239
2024-07-08,META,357.15,358.62,356.08,357.64,36653973
2024-07-09,AAPL,194.2,194.75,193.63,194.24,41462719
2024-07-09,GOOGL,144.61,146.26,142.4,143.18,52980288
2024-07-09,MSFT,380.43,382.24,379.92,380.15,47186960
2024-07-09,AMZN,163.3,163.95,160.44,163.5,52355818
2024-07-09,META,353.4,353.95,352.69,353.74,24160152
2024-07-11,AAPL,191.14,191.69,190.36,190.64,33978100
2024-07-11,GOOGL,147.75,149.95,145.41,149.28,28637380
2024-07-11,MSFT,383.77,383.78,382.63,383.32,47962395
2024-07-11,AMZN,162.1,162.8,161.74,162.73,10451149
2024-07-11,META,356.88,357.72,356.77,357.38,68052555
2024-07-12,AAPL,195.27,195.63,192.92,195.57,70499898
2024-07-12,GOOGL,149.48,149.7,149.31,149.66,45201144
2024-07-12,MSFT,381.87,382.33,381.37,382.29,27760879
2024-07-12,AMZN,162.29,163.55,162.17,162.43,51629191
2024-07-12,META,356.57,357.03,355.88,355.96,35486903
2024-07-14,AAPL,194.77,194.97,193.7,194.38,53752607
2024-07-14,GOOGL,145.69,145.76,144.96,145.2,33825832
2024-07-14,MSFT,382.73,382.82,381.69,381.99,59000217
2024-07-14,AMZN,160.13,160.41,158.81,159.39,58745417
2024-07-14,META,357.84,358.1,356.45,356.53,38267755
2024-07-15,AAPL,190.91,191.3,189.8,189.82,28323394
2024-07-15,GOOGL,148.46,148.91,148.27,148.8,52295771
2024-07-15,MSFT,384.29,385.12,383.93,385.02,78811224
2024-07-15,AMZN,160.24,160.74,158.79,159.5,50723383
2024-07-15,META,355.72,356.03,354.23,355.67,10286705
2024-07-17,AAPL,188.77,190.11,187.6,189.94,18334511
2024-07-17,GOOGL,149.79,150.2,148.63,149.77,48800598
2024-07-17,MSFT,381.63,382.36,381.35,381.72,69913306
2024-07-17,AMZN,162.17,162.9,161.38,161.89,32392162
2024-07-17,META,356.85,358.07,356.0,357.31,63644575
2024-07-18,AAPL,191.32,194.66,190.07,194.38,32771877
2024-07-18,GOOGL,142.85,144.76,141.85,142.72,35457714
2024-07-18,MSFT,384.24,384.69,383.33,384.24,70069461
2024-07-18,AMZN,158.14,158.3,157.7,158.22,51840831
2024-07-18,META,353.44,355.18,351.94,354.18,17421663
2024-07-20,AAPL,188.74,190.15,188.17,189.38,41696744
2024-07-20,GOOGL,143.44,143.62,139.63,143.54,72465387
2024-07-20,MSFT,380.61,380.94,380.0,380.36,66173465
2024-07-20,AMZN,161.67,165.12,160.93,161.24,48728152
2024-07-20,META,356.71,357.41,354.96,355.15,61775415
2024-07-21,AAPL,189.87,191.19,188.66,188.72,25322869
2024-07-21,GOOGL,146.95,150.44,144.45,145.48,59985863
2024-07-21,MSFT,381.82,382.92,379.66,380.08,30280503
2024-07-21,AMZN,159.12,160.11,157.75,159.75,65980861
2024-07-21,META,356.15,357.3,356.13,356.2,48768467
2024-07-22,AAPL,193.86,193.91,193.06,193.52,55969592
2024-07-22,GOOGL,144.09,145.04,143.83,144.92,24910059
2024-07-22,MSFT,379.57,380.73,376.84,378.27,61735550
2024-07-22,AMZN,162.49,164.21,161.81,164.1,37814057
2024-07-22,META,361.57,362.23,360.57,361.66,36574609
2024-07-24,AAPL,197.33,197.63,195.68,196.56,54748117
2024-07-24,GOOGL,143.75,144.83,143.28,144.41,12308482
2024-07-24,MSFT,384.46,384.49,383.67,384.17,44221196
2024-07-24,AMZN,162.9,163.67,162.55,163.63,37547647
2024-07-24,META,358.95,359.01,358.21,358.49,74795030
2024-07-25,AAPL,192.02,192.58,191.71,192.16,72019525
2024-07-25,GOOGL,148.68,151.79,147.71,151.52,31139679
2024-07-25,MSFT,381.77,382.06,380.62,381.1,31199402
2024-07-25,AMZN,159.54,162.26,159.15,160.01,61812060
2024-07-25,META,360.37,361.45,359.39,361.13,75629058
2024-07-27,AAPL,191.8,192.96,190.64,192.46,55362531
2024-07-27,GOOGL,146.87,147.46,146.81,147.46,40206279
2024-07-27,MSFT,384.17,385.54,381.92,382.25,31006357
2024-07-27,AMZN,160.65,161.11,160.29,160.65,37551011
2024-07-27,META,358.15,359.79,355.54,358.61,46502316
2024-07-28,AAPL,191.94,194.65,191.18,193.15,14773570
2024-07-28,GOOGL,145.8,146.3,143.64,144.8,11717822
2024-07-28,MSFT,386.03,388.26,385.96,387.66,51904076
2024-07-28,AMZN,161.06,161.9,160.15,161.41,35746073
2024-07-28,META,355.75,356.27,354.05,356.27,48620261
2024-07-30,AAPL,192.67,193.19,189.39,191.85,79936382
2024-07-30,GOOGL,150.61,152.82,148.11,152.77,45105838
2024-07-30,MSFT,384.42,385.69,383.45,384.34,13078580
2024-07-30,AMZN,162.72,163.33,161.7,161.94,27460800
2024-07-30,META,356.03,357.04,355.35,356.39,58781780
2024-07-31,AAPL,194.62,195.29,193.18,195.14,41366736
2024-07-31,GOOGL,145.85,146.45,144.62,144.72,67523643
2024-07-31,MSFT,383.24,384.82,381.57,383.59,70606360
2024-07-31,AMZN,160.0,161.08,159.73,160.12,65280559
2024-07-31,META,357.82,359.06,357.42,357.78,12736555
2024-08-02,AAPL,194.27,197.81,193.71,196.17,44039643
2024-08-02,GOOGL,148.09,148.46,147.98,148.0,51275838
2024-08-02,MSFT,382.22,384.45,379.82,383.04,38662388
2024-08-02,AMZN,161.49,162.43,159.01,161.02,13211629
2024-08-02,META,359.96,362.69,359.54,361.76,58843116
2024-08-03,AAPL,191.23,192.01,188.08,189.4,28146707
2024-08-03,GOOGL,145.15,145.2,143.67,144.82,19713997
2024-08-03,MSFT,377.94,378.08,377.07,377.72,58846500
2024-08-03,AMZN,164.61,165.6,163.09,163.61,42286628
2024-08-03,META,361.22,361.52,360.96,361.09,73748502
2024-08-04,AAPL,194.31,194.72,193.72,194.24,72674772
2024-08-04,GOOGL,145.02,147.73,143.42,144.56,69606531
2024-08-04,MSFT,381.0,381.82,380.49,380.87,58348636
2024-08-04,AMZN,161.76,162.55,160.79,161.34,33429410
2024-08-04,META,354.28,356.08,352.09,353.96,34384256
2024-08-06,AAPL,194.07,194.96,192.72,194.91,67698923
2024-08-06,GOOGL,150.41,150.95,149.67,150.12,17820459
2024-08-06,MSFT,382.77,383.84,382.42,382.68,39939149
2024-08-06,AMZN,162.79,164.49,161.46,162.15,25714636
2024-08-06,META,356.11,356.84,354.39,355.16,58539857
2024-08-07,AAPL,191.73,193.29,191.33,191.87,23139667
2024-08-07,GOOGL,147.83,149.2,145.93,147.9,35577824
2024-08-07,MSFT,381.32,383.3,381.19,381.91,66192613
2024-08-07,AMZN,158.91,159.63,158.31,158.84,38630874
2024-08-07,META,354.96,357.03,354.36,355.55,27358397
2024-08-09,AAPL,191.95,192.87,190.84,191.7,21654851
2024-08-09,GOOGL,147.81,148.53,146.68,148.01,36314046
2024-08-09,MSFT,381.6,384.48,378.85,380.61,56642657
2024-08-09,AMZN,164.43,165.59,163.79,164.42,28435380
2024-08-09,META,355.97,357.99,355.07,356.99,71363730
2024-08-10,AAPL,194.57,195.32,193.36,195.32,42336019
2024-08-10,GOOGL,149.4,149.43,147.53,148.7,37613122
2024-08-10,MSFT,382.37,383.06,380.68,382.91,23607011
2024-08-10,AMZN,161.56,162.55,159.23,160.76,22813047
2024-08-10,META,354.2,357.6,353.64,354.8,63698170
2024-08-12,AAPL,190.58,190.71,189.87,190.1,53629069
2024-08-12,GOOGL,147.55,152.67,146.93,148.85,16381191
2024-08-12,MSFT,382.58,382.68,381.95,382.6,36012069
2024-08-12,AMZN,164.39,166.76,163.09,165.66,74853864
2024-08-12,META,357.54,358.4,355.97,358.23,46847118
2024-08-13,AAPL,191.26,191.53,188.12,191.25,55550078
2024-08-13,GOOGL,149.47,149.86,147.16,148.11,78182391
2024-08-13,MSFT,383.05,384.65,380.7,383.22,26325504
2024-08-13,AMZN,162.39,163.13,162.11,163.05,53485110
2024-08-13,META,358.25,359.21,356.72,358.32,19769825
2024-08-15,AAPL,192.1,194.27,191.69,193.35,58404430
2024-08-15,GOOGL,151.5,153.16,151.15,151.83,36193129
2024-08-15,MSFT,384.93,385.49,382.82,384.98,68103809
2024-08-15,AMZN,161.95,162.0,161.33,161.84,46720858
2024-08-15,META,357.4,357.7,355.75,357.57,17397223
2024-08-16,AAPL,191.32,193.67,187.78,188.2,43049227
2024-08-16,GOOGL,150.66,151.96,150.05,150.72,61223798
2024-08-16,MSFT,384.8,386.01,382.16,385.46,43875193
2024-08-16,AMZN,160.31,161.67,158.8,160.63,60521703
2024-08-16,META,358.73,359.99,357.33,359.25,41325433
2024-08-18,AAPL,196.51,197.77,196.42,196.56,20092652
2024-08-18,GOOGL,149.43,149.9,148.27,148.37,33344909
2024-08-18,MSFT,382.21,383.43,380.37,382.93,49223337
2024-08-18,AMZN,165.26,165.42,163.87,165.35,78839867
2024-08-18,META,358.57,359.95,354.51,357.7,65702223
2024-08-19,AAPL,194.02,194.03,193.01,193.33,29735158
2024-08-19,GOOGL,146.45,149.14,144.57,145.61,29468242
2024-08-19,MSFT,385.34,387.87,385.17,385.27,68469417
2024-08-19,AMZN,162.85,163.26,162.45,162.7,66121659
2024-08-19,META,356.45,358.18,356.15,357.93,15353687
2024-08-20,AAPL,192.03,193.46,190.56,193.38,11720633
2024-08-20,GOOGL,151.7,152.26,151.03,151.12,69939814
2024-08-20,MSFT,383.88,385.81,381.78,383.57,59041264
2024-08-20,AMZN,163.06,163.61,163.02,163.41,29275509
2024-08-20,META,355.65,358.02,354.49,355.25,26193037
2024-08-22,AAPL,194.92,195.64,193.69,195.08,27472914
2024-08-22,GOOGL,149.67,150.66,147.94,150.45,38188297
2024-08-22,MSFT,385.1,385.82,382.48,384.07,62381499
2024-08-22,AMZN,163.72,164.06,163.14,163.66,44327935
2024-08-22,META,356.99,357.67,354.41,357.32,53459476
2024-08-23,AAPL,191.25,191.33,189.71,189.86,55767482
2024-08-23,GOOGL,148.47,150.1,147.77,149.79,39585193
2024-08-23,MSFT,381.63,382.72,381.51,382.6,29838716
2024-08-23,AMZN,161.92,162.92,161.24,162.03,58840895
2024-08-23,META,356.49,356.88,354.85,356.4,49798111
2024-08-25,AAPL,192.68,192.98,188.45,190.82,48190258
2024-08-25,GOOGL,147.68,148.82,146.26,147.11,43309060
2024-08-25,MSFT,384.63,385.38,383.55,383.6,34608802
2024-08-25,AMZN,164.95,166.81,163.93,165.58,57253837
2024-08-25,META,357.95,359.6,356.21,356.75,13222874
2024-08-26,AAPL,192.9,193.1,187.33,189.52,53230233
2024-08-26,GOOGL,146.89,148.13,146.47,148.12,22008552
2024-08-26,MSFT,379.75,380.82,379.25,380.29,29616912
2024-08-26,AMZN,162.65,164.15,162.57,163.04,66528453
2024-08-26,META,358.37,359.42,357.21,359.31,22422897
2024-08-28,AAPL,196.25,196.44,196.19,196.38,12318220
2024-08-28,GOOGL,145.85,146.13,144.52,145.01,72350082
2024-08-28,MSFT,384.38,385.89,381.9,385.87,35437938
2024-08-28,AMZN,165.8,167.56,165.73,165.89,61678561
2024-08-28,META,357.49,358.52,356.94,358.49,74053108
2024-08-29,AAPL,193.64,195.83,192.31,193.43,21417626
2024-08-29,GOOGL,149.05,149.89,147.75,148.37,69490459
2024-08-29,MSFT,379.94,380.12,378.87,379.87,53594256
2024-08-29,AMZN,160.25,161.68,159.43,160.62,78054406
2024-08-29,META,357.3,357.72,355.89,357.48,41326691
2024-08-31,AAPL,191.72,193.32,190.83,193.07,15157003
2024-08-31,GOOGL,146.83,147.14,146.22,146.54,69202368
2024-08-31,MSFT,382.14,382.89,380.33,382.54,36827280
2024-08-31,AMZN,164.99,166.72,164.94,165.81,37553008
2024-08-31,META,359.46,360.36,358.88,359.26,79898557
2024-09-01,AAPL,195.05,195.13,190.65,193.68,48154510
2024-09-01,GOOGL,149.32,150.85,147.76,150.8,48718562
2024-09-01,MSFT,379.55,379.94,377.82,379.75,21902338
2024-09-01,AMZN,165.26,167.47,163.9,164.57,62214065
2024-09-01,META,357.34,358.11,357.34,357.8,22507794
2024-09-02,AAPL,190.38,190.52,189.6,189.71,12905120
2024-09-02,GOOGL,147.18,149.0,146.13,146.3,56733280
2024-09-02,MSFT,386.12,388.9,384.55,387.23,24885733
2024-09-02,AMZN,163.88,166.53,161.82,166.04,54295415
2024-09-02,META,357.77,358.9,355.84,358.06,72513103
2024-09-04,AAPL,195.31,198.79,193.33,193.46,18724016
2024-09-04,GOOGL,148.94,149.96,148.87,149.49,49036049
2024-09-04,MSFT,383.28,385.5,382.88,383.43,20790403
2024-09-04,AMZN,163.19,163.37,161.16,162.66,75077628
2024-09-04,META,358.26,362.37,356.93,361.37,76856005
2024-09-05,AAPL,195.42,197.8,192.9,197.44,31140732
2024-09-05,GOOGL,147.64,148.11,147.48,147.54,30758358
2024-09-05,MSFT,383.27,384.33,382.64,383.37,13668167
2024-09-05,AMZN,160.69,162.49,159.25,160.72,14713331
2024-09-05,META,361.88,362.84,361.16,362.01,59886414
2024-09-07,AAPL,194.98,195.4,193.38,194.97,42426788
2024-09-07,GOOGL,145.1,147.59,144.9,145.12,59196226
2024-09-07,MSFT,382.83,383.63,378.72,378.9,46835452
2024-09-07,AMZN,165.62,167.07,164.91,165.29,26230733
2024-09-07,META,361.57,362.27,361.17,361.47,10379460
2024-09-08,AAPL,189.77,190.29,187.41,188.09,51644459
2024-09-08,GOOGL,149.43,151.93,146.54,147.94,69587823
2024-09-08,MSFT,381.7,382.14,380.71,381.24,78190322
2024-09-08,AMZN,163.1,164.15,162.79,163.28,42235664
2024-09-08,META,360.51,362.19,359.37,361.55,56087384
2024-09-10,AAPL,193.49,195.38,191.7,192.27,63245918
2024-09-10,GOOGL,151.92,152.51,150.19,151.63,77097857
2024-09-10,MSFT,385.55,385.65,384.19,384.8,54580860
2024-09-10,AMZN,161.5,164.39,160.72,163.11,54519398
2024-09-10,META,357.7,359.68,355.8,357.34,35474043
2024-09-11,AAPL,191.16,192.12,188.35,189.28,12758372
2024-09-11,GOOGL,150.34,150.54,148.43,150.35,38173808
2024-09-11,MSFT,383.29,383.58,382.13,382.59,42169439
2024-09-11,AMZN,166.1,167.33,164.99,165.66,71056764
2024-09-11,META,358.89,362.09,356.56,357.91,65827374
2024-09-13,AAPL,196.19,197.68,192.6,196.66,61703804
2024-09-13,GOOGL,146.02,147.52,145.3,146.49,14463687
2024-09-13,MSFT,385.85,386.96,384.16,385.29,31623627
2024-09-13,AMZN,161.8,161.88,160.08,160.14,11557356
2024-09-13,META,358.74,358.83,358.28,358.69,39497913
2024-09-14,AAPL,192.12,194.1,192.1,193.85,21332118
2024-09-14,GOOGL,147.98,149.24,144.11,144.85,38024914
2024-09-14,MSFT,384.99,385.92,383.83,385.64,48695364
2024-09-14,AMZN,161.75,162.07,160.17,160.25,30546842
2024-09-14,META,360.56,360.8,360.27,360.52,27078615
2024-09-15,AAPL,194.69,196.18,193.74,194.91,75279102
2024-09-15,GOOGL,149.87,153.27,149.67,151.5,64725003
2024-09-15,MSFT,385.17,387.13,383.48,385.77,52308187
2024-09-15,AMZN,165.79,168.05,165.06,166.55,52956153
2024-09-15,META,361.11,362.11,359.96,360.34,46931054
2024-09-17,AAPL,195.17,198.01,192.98,197.75,46104398
2024-09-17,GOOGL,147.59,148.33,147.09,148.12,56472387
2024-09-17,MSFT,384.9,386.56,383.82,386.5,58441395
2024-09-17,AMZN,162.91,164.37,160.85,161.12,66363423
2024-09-17,META,360.68,360.7,360.56,360.6,21060879
2024-09-18,AAPL,193.99,195.65,193.98,194.65,77042956
2024-09-18,GOOGL,151.19,151.57,149.03,150.95,74698485
2024-09-18,MSFT,385.8,386.09,382.38,385.65,27822283
2024-09-18,AMZN,164.78,165.48,161.85,162.12,52180324
2024-09-18,META,355.55,358.81,353.91,356.14,65313828
2024-09-20,AAPL,193.8,193.98,191.27,191.77,35694537
2024-09-20,GOOGL,151.94,152.42,151.63,151.84,79743478
2024-09-20,MSFT,386.91,387.13,385.72,385.81,40751736
2024-09-20,AMZN,165.39,167.39,161.86,164.67,28261207
2024-09-20,META,360.46,360.72,358.89,359.89,30417857
2024-09-21,AAPL,191.47,192.36,189.16,192.13,47180818
2024-09-21,GOOGL,147.02,147.61,146.75,146.87,18949901
2024-09-21,MSFT,382.65,383.67,381.96,382.44,22791375
2024-09-21,AMZN,165.34,165.8,163.69,164.23,76771282
2024-09-21,META,358.72,360.09,357.99,358.69,19755839
2024-09-23,AAPL,199.48,201.9,199.35,200.47,67847922
2024-09-23,GOOGL,147.65,150.18,147.2,148.15,13852831
2024-09-23,MSFT,386.21,387.23,385.9,386.75,34286318
2024-09-23,AMZN,164.44,165.33,163.3,163.77,42501546
2024-09-23,META,355.65,356.99,353.62,355.7,36014532
2024-09-24,AAPL,196.47,197.65,196.23,196.36,25145574
2024-09-24,GOOGL,146.37,149.93,146.04,148.82,25046408
2024-09-24,MSFT,382.24,382.32,380.08,381.82,43310829
2024-09-24,AMZN,161.92,162.8,159.5,162.47,30088717
2024-09-24,META,358.87,359.02,358.74,358.94,53634799
2024-09-26,AAPL,195.22,195.29,193.97,194.75,20397529
2024-09-26,GOOGL,145.16,146.02,143.51,143.79,34317078
2024-09-26,MSFT,387.55,388.7,386.01,386.14,43949546
2024-09-26,AMZN,160.4,161.35,160.05,160.84,52286373
2024-09-26,META,358.63,362.72,358.36,360.97,34968027
2024-09-27,AAPL,194.04,194.49,192.97,193.81,15005791
2024-09-27,GOOGL,151.56,153.25,150.13,150.84,37908288
2024-09-27,MSFT,384.94,386.92,384.26,385.08,49080380
2024-09-27,AMZN,165.75,166.69,164.2,164.74,17764890
2024-09-27,META,356.88,358.09,355.14,356.93,62959969
2024-09-29,AAPL,195.22,196.18,193.92,194.89,63616746
2024-09-29,GOOGL,151.12,152.57,147.76,148.6,54021723
2024-09-29,MSFT,383.37,383.61,381.51,382.33,50727742
2024-09-29,AMZN,164.94,166.87,164.88,165.74,11008711
2024-09-29,META,359.4,359.48,355.84,357.81,60743368
2024-09-30,AAPL,192.1,192.41,189.72,191.4,53209345
2024-09-30,GOOGL,148.03,148.52,147.49,148.06,57990334
2024-09-30,MSFT,385.3,387.83,382.72,385.02,36992366
2024-09-30,AMZN,163.1,164.39,162.74,163.14,67690380
2024-09-30,META,363.02,364.33,361.58,362.66,35806486
2024-10-01,AAPL,194.72,197.13,194.47,194.49,20982419
2024-10-01,GOOGL,146.25,148.38,145.52,147.18,46292491
2024-10-01,MSFT,390.12,390.88,388.76,388.79,60347329
2024-10-01,AMZN,168.37,168.69,168.16,168.16,75157566
2024-10-01,META,360.46,362.52,359.59,362.36,48311648
2024-10-03,AAPL,193.47,195.12,190.45,192.29,61338419
2024-10-03,GOOGL,147.62,148.61,145.81,146.97,16638413
2024-10-03,MSFT,386.72,387.15,385.7,385.94,31602140
2024-10-03,AMZN,162.09,164.36,160.42,162.7,68961073
2024-10-03,META,359.58,359.77,359.02,359.69,70871287
2024-10-04,AAPL,195.02,196.54,194.79,196.5,29481638
2024-10-04,GOOGL,147.59,148.01,145.73,146.14,29442363
2024-10-04,MSFT,385.6,386.23,384.52,384.61,52459579
2024-10-04,AMZN,164.28,165.56,161.04,164.44,43230293
2024-10-04,META,356.7,357.79,355.0,357.34,71885686
2024-10-06,AAPL,196.63,198.0,195.69,196.13,74614493
2024-10-06,GOOGL,148.22,148.23,147.92,148.14,65156269
2024-10-06,MSFT,382.15,385.85,379.1,379.7,59636628
2024-10-06,AMZN,167.02,168.33,164.88,166.67,79100526
2024-10-06,META,359.18,360.73,358.65,360.45,24972190
2024-10-07,AAPL,195.57,197.73,193.76,197.17,41168228
2024-10-07,GOOGL,147.39,151.25,146.99,150.27,19259924
2024-10-07,MSFT,381.74,382.32,381.2,382.06,10919079
2024-10-07,AMZN,163.61,163.85,160.16,163.46,79875827
2024-10-07,META,359.47,360.1,358.52,359.77,27537078
2024-10-09,AAPL,198.04,199.74,197.86,199.57,57941858
2024-10-09,GOOGL,146.93,147.98,146.13,147.12,48662386
2024-10-09,MSFT,382.94,383.09,381.76,382.67,34905165
2024-10-09,AMZN,162.05,162.35,160.27,161.97,73890452
2024-10-09,META,360.43,360.59,358.67,359.59,55263474
2024-10-10,AAPL,197.35,198.91,196.73,198.31,11403981
2024-10-10,GOOGL,149.4,149.48,148.82,149.39,19118602
2024-10-10,MSFT,384.65,386.56,384.29,386.25,24577312
2024-10-10,AMZN,161.49,161.98,160.48,161.3,76308005
2024-10-10,META,359.83,360.62,357.52,358.1,55538984
2024-10-12,AAPL,196.48,196.77,195.78,196.22,42386352
2024-10-12,GOOGL,149.78,150.71,148.77,149.41,37949692
2024-10-12,MSFT,387.49,389.03,386.68,387.63,46191351
2024-10-12,AMZN,165.35,167.11,164.44,166.86,12513906
2024-10-12,META,357.66,361.98,357.52,360.03,22289549
2024-10-13,AAPL,192.76,194.8,191.97,193.65,25102268
2024-10-13,GOOGL,150.58,150.74,150.3,150.68,21396945
2024-10-13,MSFT,384.62,385.82,383.82,385.24,66958076
2024-10-13,AMZN,167.52,169.01,167.13,167.64,28809391
2024-10-13,META,358.57,359.85,358.5,358.7,49127099
2024-10-14,AAPL,192.39,192.81,190.71,192.02,77744840
2024-10-14,GOOGL,149.57,151.49,148.28,148.47,69684026
2024-10-14,MSFT,388.24,388.25,387.41,387.65,56778546
2024-10-14,AMZN,166.16,167.92,166.0,167.81,39370445
2024-10-14,META,360.18,362.23,357.89,358.9,10857402
2024-10-16,AAPL,194.33,195.79,194.19,195.3,76091369
2024-10-16,GOOGL,146.42,147.15,146.14,146.44,15667126
2024-10-16,MSFT,386.13,387.42,385.58,385.72,18602650
2024-10-16,AMZN,165.05,166.23,163.13,165.29,15364484
2024-10-16,META,359.35,359.76,357.69,359.05,71913485
2024-10-17,AAPL,195.7,195.87,195.0,195.79,62994689
2024-10-17,GOOGL,148.18,148.45,147.54,147.82,10131912
2024-10-17,MSFT,387.11,387.65,383.81,384.04,59667564
2024-10-17,AMZN,164.37,166.08,163.41,163.69,72287916
2024-10-17,META,362.38,362.85,361.07,361.52,19527233
2024-10-19,AAPL,190.91,191.93,190.06,190.4,60698946
2024-10-19,GOOGL,148.97,149.1,148.33,148.7,44863002
2024-10-19,MSFT,384.93,385.44,384.28,384.34,49695067
2024-10-19,AMZN,164.11,164.44,163.96,164.15,42969796
2024-10-19,META,357.73,360.97,356.59,359.68,38439830
2024-10-20,AAPL,192.05,192.67,191.39,191.78,75734747
2024-10-20,GOOGL,154.22,155.62,151.73,154.98,56434682
2024-10-20,MSFT,387.96,389.33,387.31,388.9,74369077
2024-10-20,AMZN,164.77,167.23,163.66,165.63,11870047
2024-10-20,META,360.52,360.78,359.73,359.96,25480439
2024-10-22,AAPL,194.2,195.21,192.39,193.95,37694655
2024-10-22,GOOGL,152.87,153.89,152.07,153.48,39197762
2024-10-22,MSFT,383.41,384.87,380.87,384.65,63855965
2024-10-22,AMZN,166.25,170.01,165.24,165.95,59172400
2024-10-22,META,362.03,363.83,361.79,363.0,65673805
2024-10-23,AAPL,190.4,191.94,189.24,189.27,67206852
2024-10-23,GOOGL,152.36,153.01,151.19,152.63,37506401
2024-10-23,MSFT,386.91,388.39,383.62,385.55,56834774
2024-10-23,AMZN,167.15,169.16,166.49,167.5,47090104
2024-10-23,META,361.01,361.8,360.91,361.24,58904511
2024-10-25,AAPL,193.98,194.41,190.91,193.33,28897449
2024-10-25,GOOGL,149.35,150.63,146.78,147.08,44633203
2024-10-25,MSFT,387.98,388.27,386.21,386.45,14276078
2024-10-25,AMZN,165.53,167.65,164.23,166.02,59516209
2024-10-25,META,360.05,362.53,356.64,359.24,55875295
2024-10-26,AAPL,192.31,193.23,192.04,192.18,35928946
2024-10-26,GOOGL,150.14,151.23,149.1,150.79,55376697
2024-10-26,MSFT,386.12,388.81,385.33,386.77,64479590
2024-10-26,AMZN,163.65,165.05,162.23,163.76,26590988
2024-10-26,META,361.06,363.45,360.51,360.64,54145261
2024-10-28,AAPL,195.01,196.48,193.43,196.31,40806191
2024-10-28,GOOGL,148.72,149.56,147.92,148.92,73408495
2024-10-28,MSFT,386.99,387.62,385.38,385.92,76473653
2024-10-28,AMZN,163.35,165.93,162.22,162.56,77162575
2024-10-28,META,360.86,361.2,358.85,360.52,38021461
2024-10-29,AAPL,194.09,196.75,193.06,194.01,35689297
2024-10-29,GOOGL,149.01,149.08,147.32,147.94,48225911
2024-10-29,MSFT,380.16,380.98,378.34,379.46,33998383
2024-10-29,AMZN,165.73,165.73,164.36,164.45,35734939
2024-10-29,META,360.0,360.86,358.7,360.72,67536532
2024-10-30,AAPL,199.28,201.07,197.51,200.86,17266241
2024-10-30,GOOGL,151.29,153.38,148.9,149.94,16526834
2024-10-30,MSFT,386.14,387.85,385.05,385.66,40363045
2024-10-30,AMZN,166.3,166.95,165.1,166.11,55189304
2024-10-30,META,356.85,357.66,354.24,356.22,78813591
2024-11-01,AAPL,194.41,195.05,194.14,194.61,39864660
2024-11-01,GOOGL,148.93,149.43,148.55,148.75,11088943
2024-11-01,MSFT,385.58,385.64,383.87,384.45,11924387
2024-11-01,AMZN,164.41,168.32,162.62,163.98,52714776
2024-11-01,META,364.66,366.13,360.99,362.99,30359781
2024-11-02,AAPL,195.3,196.12,194.28,194.34,29387661
2024-11-02,GOOGL,150.22,151.1,149.36,150.78,44846546
2024-11-02,MSFT,385.56,386.01,384.99,385.43,29462980
2024-11-02,AMZN,165.92,166.28,164.85,165.84,57857056
2024-11-02,META,359.77,361.2,359.0,360.99,45281908
2024-11-04,AAPL,195.4,196.49,194.09,195.61,22950263
2024-11-04,GOOGL,150.5,151.99,149.54,149.77,27762677
2024-11-04,MSFT,386.72,390.13,386.38,388.51,26033767
2024-11-04,AMZN,164.77,164.97,164.66,164.96,79397350
2024-11-04,META,357.11,357.22,356.77,357.07,72305979
2024-11-05,AAPL,196.94,197.56,195.9,196.28,26205875
2024-11-05,GOOGL,154.5,154.64,153.95,154.63,49251688
2024-11-05,MSFT,384.99,385.08,382.83,384.95,60021857
2024-11-05,AMZN,164.55,165.24,161.15,162.32,55655243
2024-11-05,META,359.32,359.62,357.37,358.81,75904046
2024-11-07,AAPL,196.47,196.68,195.56,196.08,78772297
2024-11-07,GOOGL,150.39,151.54,149.78,150.19,15617104
2024-11-07,MSFT,385.48,385.77,385.14,385.3,43485888
2024-11-07,AMZN,165.4,166.22,163.62,164.71,35332463
2024-11-07,META,362.3,362.52,361.15,362.33,38114879
2024-11-08,AAPL,194.57,195.75,191.55,193.4,35093651
2024-11-08,GOOGL,149.21,151.71,146.86,150.07,75705071
2024-11-08,MSFT,381.72,383.2,380.45,382.21,57702293
2024-11-08,AMZN,163.77,164.67,162.33,164.1,12266338
2024-11-08,META,359.77,361.59,358.35,358.52,48794717
2024-11-10,AAPL,195.22,195.24,194.03,195.07,20968728
2024-11-10,GOOGL,148.48,148.52,148.02,148.22,53861213
2024-11-10,MSFT,385.85,386.16,384.49,385.86,14103980
2024-11-10,AMZN,166.91,169.19,166.89,167.06,72589507
2024-11-10,META,363.16,363.86,362.94,363.26,40776100
2024-11-11,AAPL,196.25,196.35,194.53,194.92,40437940
2024-11-11,GOOGL,151.55,152.11,150.08,151.2,21605166
2024-11-11,MSFT,385.72,387.77,383.91,384.32,33343726
2024-11-11,AMZN,163.81,164.5,162.88,164.3,54602860
2024-11-11,META,356.22,357.65,355.33,355.34,26870713
2024-11-12,AAPL,196.5,198.34,195.95,197.98,37905997
2024-11-12,GOOGL,147.82,148.31,147.09,147.23,54632965
2024-11-12,MSFT,385.27,386.44,384.88,385.45,32851548
2024-11-12,AMZN,166.52,167.41,166.31,167.08,63332537
2024-11-12,META,363.26,365.66,363.17,364.49,79412158
2024-11-14,AAPL,197.36,197.67,197.32,197.47,22328825
2024-11-14,GOOGL,150.3,150.76,149.88,150.14,13042453
2024-11-14,MSFT,385.22,386.43,384.48,386.38,63968835
2024-11-14,AMZN,166.4,167.33,163.29,167.12,51986923
2024-11-14,META,360.65,362.07,360.55,361.39,42201650
2024-11-15,AAPL,194.66,196.08,193.65,194.26,32672786
2024-11-15,GOOGL,151.14,151.7,146.08,146.33,75564171
2024-11-15,MSFT,382.73,384.41,381.28,381.49,22896363
2024-11-15,AMZN,164.94,165.24,164.25,165.16,59533566
2024-11-15,META,360.46,360.8,359.38,359.87,16025369
2024-11-17,AAPL,195.59,198.46,193.33,196.74,16750599
2024-11-17,GOOGL,150.53,150.86,148.49,150.18,10353485
2024-11-17,MSFT,385.27,386.01,384.26,385.05,14172038
2024-11-17,AMZN,165.59,166.59,164.01,166.15,70151391
2024-11-17,META,361.3,364.21,359.36,363.49,44330876
2024-11-18,AAPL,197.17,198.36,196.18,197.35,51285578
2024-11-18,GOOGL,150.57,150.8,149.98,150.4,66871093
2024-11-18,MSFT,384.17,384.82,383.56,383.78,27431997
2024-11-18,AMZN,166.94,169.56,166.59,169.22,21793212
2024-11-18,META,361.14,361.8,360.77,361.26,22976310
2024-11-20,AAPL,195.06,196.65,194.95,195.17,25474021
2024-11-20,GOOGL,152.58,153.16,151.14,153.05,29543106
2024-11-20,MSFT,385.51,387.04,385.44,385.94,30461523
2024-11-20,AMZN,168.69,169.2,168.61,169.03,32684383
2024-11-20,META,366.3,366.73,365.4,366.6,42309492
2024-11-21,AAPL,197.72,199.48,193.83,195.81,23438653
2024-11-21,GOOGL,152.36,153.09,151.83,152.72,68749779
2024-11-21,MSFT,386.23,387.03,384.48,386.58,61598121
2024-11-21,AMZN,165.2,165.35,163.36,163.88,42351664
2024-11-21,META,359.61,361.53,359.47,360.83,23664158
2024-11-23,AAPL,197.61,199.37,194.75,196.34,52915728
2024-11-23,GOOGL,155.14,155.18,154.12,155.05,71137657
2024-11-23,MSFT,386.9,389.52,386.71,389.45,25574815
2024-11-23,AMZN,163.19,163.63,161.72,162.56,59922690
2024-11-23,META,361.52,362.3,360.33,361.48,75850196
2024-11-24,AAPL,196.23,197.07,194.95,195.23,33656261
2024-11-24,GOOGL,150.65,151.5,149.54,151.45,51724773
2024-11-24,MSFT,386.78,388.35,385.74,385.77,19625631
2024-11-24,AMZN,161.88,162.4,161.32,162.3,47135356
2024-11-24,META,360.72,360.75,358.81,359.55,27556872
2024-11-26,AAPL,196.12,197.29,194.76,197.11,52225361
2024-11-26,GOOGL,153.41,155.07,152.53,152.61,20329263
2024-11-26,MSFT,388.41,389.51,387.5,387.81,69438105
2024-11-26,AMZN,166.49,166.51,164.48,165.72,44784434
2024-11-26,META,360.63,362.86,358.19,362.33,20582739
2024-11-27,AAPL,203.35,203.83,202.58,203.55,16971802
2024-11-27,GOOGL,152.89,153.77,152.47,153.01,43310817
2024-11-27,MSFT,386.25,387.25,385.49,387.0,71062301
2024-11-27,AMZN,168.16,169.52,168.13,169.01,76030840
2024-11-27,META,360.0,361.13,358.73,358.94,54609134
2024-11-28,AAPL,197.53,198.04,196.15,196.91,43430095
2024-11-28,GOOGL,153.82,155.48,151.26,151.58,49973378
2024-11-28,MSFT,385.13,385.17,382.52,383.29,38080718
2024-11-28,AMZN,163.91,164.39,163.71,163.92,76173132
2024-11-28,META,362.65,363.57,362.13,362.41,41116953
2024-11-30,AAPL,194.15,195.69,192.64,195.01,28847630
2024-11-30,GOOGL,150.88,152.21,148.77,150.32,73044213
2024-11-30,MSFT,385.75,387.47,385.19,385.94,31453682
2024-11-30,AMZN,167.25,167.3,166.19,166.34,54522872
2024-11-30,META,362.89,363.93,362.48,363.26,26121153
2024-12-01,AAPL,196.64,197.41,195.45,196.79,46311446
2024-12-01,GOOGL,152.54,153.63,150.85,151.03,21257885
2024-12-01,MSFT,388.57,389.46,388.25,388.81,55082931
2024-12-01,AMZN,169.31,169.9,167.4,168.49,42017122
2024-12-01,META,362.58,365.31,361.86,363.66,39779377
2024-12-03,AAPL,198.66,200.02,198.35,199.39,60152211
2024-12-03,GOOGL,150.74,151.53,149.92,151.26,73422871
2024-12-03,MSFT,389.3,390.12,386.3,388.79,62452483
2024-12-03,AMZN,166.87,167.45,164.53,166.36,45815396
2024-12-03,META,361.35,361.89,360.34,361.18,15560771
2024-12-04,AAPL,197.75,199.08,197.43,198.88,68857105
2024-12-04,GOOGL,150.91,153.44,148.34,149.82,31162040
2024-12-04,MSFT,386.78,386.92,384.87,386.62,22664620
2024-12-04,AMZN,168.56,168.68,168.29,168.46,36899858
2024-12-04,META,360.59,360.66,358.76,360.54,79359835
2024-12-06,AAPL,199.21,199.22,198.22,198.39,68141197
2024-12-06,GOOGL,151.01,151.29,148.93,149.44,21147893
2024-12-06,MSFT,387.56,388.33,386.98,387.72,71403669
2024-12-06,AMZN,166.66,168.32,166.32,167.91,50704744
2024-12-06,META,361.26,362.97,360.12,362.6,68826444
2024-12-07,AAPL,196.72,198.49,196.06,196.44,30603059
2024-12-07,GOOGL,150.33,151.37,148.53,149.43,70084759
2024-12-07,MSFT,384.85,385.34,382.43,384.78,68676105
2024-12-07,AMZN,168.87,169.51,167.97,169.1,65269516
2024-12-07,META,361.83,362.38,361.39,361.96,65238484
2024-12-09,AAPL,196.41,197.27,194.73,196.54,17409889
2024-12-09,GOOGL,150.54,150.78,149.84,150.46,51496315
2024-12-09,MSFT,384.77,386.92,383.29,386.04,26196624
2024-12-09,AMZN,171.64,173.83,170.71,173.73,70357379
2024-12-09,META,368.27,368.37,365.19,367.23,51939187
2024-12-10,AAPL,196.53,196.81,195.66,196.37,73878105
2024-12-10,GOOGL,152.62,153.31,149.5,152.16,74342878
2024-12-10,MSFT,384.14,384.27,382.44,382.87,23982081
2024-12-10,AMZN,168.54,169.76,167.66,167.95,48428811
2024-12-10,META,361.12,362.08,359.18,359.68,43051286
2024-12-11,AAPL,201.37,203.81,200.99,201.5,37829616
2024-12-11,GOOGL,153.93,155.54,152.74,154.61,74424942
2024-12-11,MSFT,384.48,384.76,382.79,383.69,34864798
2024-12-11,AMZN,169.19,169.54,166.88,167.71,72237698
2024-12-11,META,360.33,362.01,354.15,356.31,33553353
2024-12-13,AAPL,199.41,201.04,198.26,198.83,17716084
2024-12-13,GOOGL,152.73,155.24,152.06,153.85,42386102
2024-12-13,MSFT,389.44,390.15,389.08,389.59,65959416
2024-12-13,AMZN,166.64,166.97,164.86,166.07,61147491
2024-12-13,META,364.92,365.16,362.34,363.02,60983762
2024-12-14,AAPL,193.23,193.98,191.64,193.48,46566774
2024-12-14,GOOGL,157.73,158.56,156.13,157.11,52401511
2024-12-14,MSFT,384.98,388.67,383.77,386.24,50575091
2024-12-14,AMZN,165.68,166.21,164.49,164.75,76489403
2024-12-14,META,360.65,360.83,360.33,360.42,32625316
2024-12-16,AAPL,197.76,200.21,195.65,197.54,14547126
2024-12-16,GOOGL,148.23,150.47,146.46,146.98,32694303
2024-12-16,MSFT,385.22,386.77,384.54,384.58,44440809
2024-12-16,AMZN,165.89,167.74,165.59,165.9,21737249
2024-12-16,META,361.46,361.72,360.5,361.23,10525909
2024-12-17,AAPL,197.04,198.38,196.68,198.22,50319419
2024-12-17,GOOGL,155.12,156.12,154.2,154.56,29294046
2024-12-17,MSFT,387.87,391.42,387.8,390.06,78395151
2024-12-17,AMZN,166.12,166.32,165.64,165.85,40698715
2024-12-17,META,364.77,365.2,361.53,365.16,42677524
2024-12-19,AAPL,195.29,195.7,194.3,195.45,52507044
2024-12-19,GOOGL,151.32,152.49,149.66,151.76,18224999
2024-12-19,MSFT,387.63,388.67,387.07,387.54,45103453
2024-12-19,AMZN,166.24,166.96,165.61,166.81,25539446
2024-12-19,META,361.02,361.94,360.74,361.52,24417363
2024-12-20,AAPL,194.34,194.39,194.19,194.24,69474988
2024-12-20,GOOGL,151.92,152.86,150.69,152.01,12452658
2024-12-20,MSFT,387.43,389.01,386.9,387.1,49771348
2024-12-20,AMZN,166.32,167.36,166.04,167.26,30524992
2024-12-20,META,362.22,363.75,360.19,363.58,71813186
2024-12-22,AAPL,196.14,197.86,195.69,197.47,67196327
2024-12-22,GOOGL,152.96,155.42,151.77,153.79,50856499
2024-12-22,MSFT,388.37,389.17,387.07,387.69,61577715
2024-12-22,AMZN,164.1,164.72,161.72,161.8,32306143
2024-12-22,META,364.19,368.44,362.4,364.2,30445858
2024-12-23,AAPL,196.92,197.51,196.29,196.6,14385594
2024-12-23,GOOGL,150.86,152.19,148.22,149.5,27404170
2024-12-23,MSFT,384.03,384.78,381.18,382.7,40279153
2024-12-23,AMZN,165.22,166.36,164.44,165.69,39350282
2024-12-23,META,365.12,366.84,363.96,366.11,24346787
2024-12-25,AAPL,195.32,195.48,193.17,195.44,61448636
2024-12-25,GOOGL,151.62,151.69,151.19,151.66,49023484
2024-12-25,MSFT,384.38,385.35,383.48,384.48,25895951
2024-12-25,AMZN,168.21,168.3,168.1,168.19,24838990
2024-12-25,META,364.2,365.11,363.6,363.92,22154264
2024-12-26,AAPL,197.53,198.96,197.46,197.76,52432083
2024-12-26,GOOGL,153.27,153.52,151.37,153.19,77456520
2024-12-26,MSFT,383.2,385.21,382.31,383.23,27239607
2024-12-26,AMZN,165.17,167.65,164.25,164.35,19316518
2024-12-26,META,365.88,367.91,365.77,366.01,73888571
2024-12-27,AAPL,197.39,198.61,196.26,198.31,34837779
2024-12-27,GOOGL,152.5,152.85,150.53,151.21,41597131
2024-12-27,MSFT,385.22,385.59,383.39,383.97,14079359
2024-12-27,AMZN,169.37,171.67,168.55,171.0,66816447
2024-12-27,META,359.6,359.96,357.51,358.26,41716103
2024-12-29,AAPL,196.59,196.88,194.63,196.35,57538138
2024-12-29,GOOGL,151.61,153.57,151.03,153.13,44021150
2024-12-29,MSFT,388.82,389.8,388.5,388.85,67129602
2024-12-29,AMZN,169.27,169.81,168.83,169.44,42781658
2024-12-29,META,362.14,362.96,361.79,362.39,15216970
2024-12-30,AAPL,198.06,200.64,197.88,199.42,17967395
2024-12-30,GOOGL,151.26,152.98,150.15,150.27,52415297
2024-12-30,MSFT,385.15,386.91,384.87,385.88,52478264
2024-12-30,AMZN,167.96,168.06,167.64,167.83,79326362
2024-12-30,META,361.8,361.88,360.21,361.43,18022077
